phenotype_id,variant_id,start_distance,af,ma_samples,ma_count,pval_g,b_g,b_g_se,pval_i,b_i,b_i_se,pval_gi,b_gi,b_gi_se,FDR
ENSG00000235978.6,chr3:4572121:T:C,-315173,0.0882352963089943,10,12,3.228602182418959e-6,2.7042105197906494,0.5090283155441284,0.9366280208741069,-0.08214236795902252,1.0273648500442505,2.2044315815056023e-9,-7.97037935256958,1.0698834657669067,0.01625747746058042
ENSG00000235978.6,chr3:4572856:A:G,-314438,0.0882352963089943,10,12,3.228602182418959e-6,2.7042105197906494,0.5090283155441284,0.9366280208741069,-0.08214236795902252,1.0273648500442505,2.2044315815056023e-9,-7.97037935256958,1.0698834657669067,0.01625747746058042
ENSG00000235978.6,chr3:4573055:C:T,-314239,0.0882352963089943,10,12,3.228602182418959e-6,2.7042105197906494,0.5090283155441284,0.9366280208741069,-0.08214236795902252,1.0273648500442505,2.2044315815056023e-9,-7.97037935256958,1.0698834657669067,0.01625747746058042
ENSG00000235978.6,chr3:4573559:A:G,-313735,0.0882352963089943,10,12,3.228602182418959e-6,2.7042105197906494,0.5090283155441284,0.9366280208741069,-0.08214236795902252,1.0273648500442505,2.2044315815056023e-9,-7.97037935256958,1.0698834657669067,0.01625747746058042
ENSG00000235978.6,chr3:4784146:C:T,-103148,0.14705882966518402,17,20,1.3943877391992547e-8,3.559596300125122,0.5152723789215088,0.7067868112125633,-0.38251858949661255,1.0104280710220337,1.441072977398077e-10,-8.452340126037598,1.0231415033340454,0.005313889450154662
